DepartureTime,FlightNumber,;#Flight Id,Category,Positions,Terminal,Ground Handler,MakeupUnit,MakeupOpening,MakeupClosing,AssignedCarousel,UnassignedReason
2040-12-05 00:45:00,TZ202,7,Narrow,7,T1,TZ,T5CE001,2040-12-04 21:45:00,2040-12-05 00:15:00,UNASSIGNED,TERMINAL_NOT_CONFIGURED
2040-12-05 00:55:00,TR2728,9,Wide,3,T2,TR,T5CW003L,2040-12-04 21:55:00,2040-12-05 00:25:00,UNASSIGNED,TERMINAL_NOT_CONFIGURED
2040-12-05 01:00:00,TZ22,17,Narrow,7,T1,TZ,T5CE003,2040-12-04 22:00:00,2040-12-05 00:30:00,UNASSIGNED,TERMINAL_NOT_CONFIGURED
2040-12-05 01:35:00,TZ1904,62,Narrow,7,T1,TZ,T5CE004,2040-12-04 22:35:00,2040-12-05 01:05:00,UNASSIGNED,TERMINAL_NOT_CONFIGURED
2040-12-05 01:35:00,TZ1902,38,Narrow,7,T2,TZ,T5CW004,2040-12-04 22:35:00,2040-12-05 01:05:00,UNASSIGNED,TERMINAL_NOT_CONFIGURED
2040-12-05 01:35:00,TZ1906,52,Narrow,7,T2,TZ,T5CW009,2040-12-04 22:35:00,2040-12-05 01:05:00,UNASSIGNED,TERMINAL_NOT_CONFIGURED
2040-12-05 01:45:00,TZ96,10,Narrow,7,T1,TZ,T5CE002,2040-12-04 22:45:00,2040-12-05 01:15:00,UNASSIGNED,TERMINAL_NOT_CONFIGURED
2040-12-05 01:45:00,TZ228,3,Narrow,7,T2,TZ,T5CW008,2040-12-04 22:45:00,2040-12-05 01:15:00,UNASSIGNED,TERMINAL_NOT_CONFIGURED
2040-12-05 01:45:00,TZ2,2,Narrow,7,T2,TZ,T5CW005,2040-12-04 22:45:00,2040-12-05 01:15:00,UNASSIGNED,TERMINAL_NOT_CONFIGURED
2040-12-05 01:55:00,TZ220,4,Narrow,7,T1,TZ,T5CE007,2040-12-04 22:55:00,2040-12-05 01:25:00,UNASSIGNED,TERMINAL_NOT_CONFIGURED
2040-12-05 02:00:00,TZ5507,5,Narrow,7,T2,TZ,T5CW010,2040-12-04 23:00:00,2040-12-05 01:30:00,UNASSIGNED,TERMINAL_NOT_CONFIGURED
2040-12-05 02:00:00,TZ2402,15,Narrow,7,T1,TZ,T5CE005,2040-12-04 23:00:00,2040-12-05 01:30:00,UNASSIGNED,TERMINAL_NOT_CONFIGURED
2040-12-05 03:00:00,TZ3617,74,Narrow,7,T1,TZ,T5CE003,2040-12-05 00:00:00,2040-12-05 02:30:00,UNASSIGNED,TERMINAL_NOT_CONFIGURED
2040-12-05 06:00:00,TR2986,27,Wide,3,T2,TR,T5CW011R,2040-12-05 03:00:00,2040-12-05 05:30:00,UNASSIGNED,TERMINAL_NOT_CONFIGURED
2040-12-05 06:05:00,TR2062,130,Wide,3,T1,TR,T5CE010R,2040-12-05 03:05:00,2040-12-05 05:35:00,UNASSIGNED,TERMINAL_NOT_CONFIGURED
2040-12-05 06:05:00,TZ128,68,Narrow,7,T1,TZ,T5CE004,2040-12-05 03:05:00,2040-12-05 05:35:00,UNASSIGNED,TERMINAL_NOT_CONFIGURED
2040-12-05 06:30:00,TZ298,173,Narrow,7,T2,TZ,T5CW009,2040-12-05 03:30:00,2040-12-05 06:00:00,UNASSIGNED,TERMINAL_NOT_CONFIGURED
2040-12-05 06:30:00,TR5011,274,Wide,3,T2,TR,T5CW005,2040-12-05 03:30:00,2040-12-05 06:00:00,UNASSIGNED,TERMINAL_NOT_CONFIGURED
2040-12-05 06:30:00,TR2102,47,Wide,3,T1,TR,T5CE007L,2040-12-05 03:30:00,2040-12-05 06:00:00,UNASSIGNED,TERMINAL_NOT_CONFIGURED
2040-12-05 06:50:00,MI750,76,Wide,3,T1,MI,T5CE005L,2040-12-05 03:50:00,2040-12-05 06:20:00,UNASSIGNED,TERMINAL_NOT_CONFIGURED
2040-12-05 07:00:00,MI52,57,Wide,3,T1,MI,T5CE005R,2040-12-05 04:00:00,2040-12-05 06:30:00,UNASSIGNED,TERMINAL_NOT_CONFIGURED
2040-12-05 07:00:00,MI176,41,Wide,3,T2,MI,T5CW011L,2040-12-05 04:00:00,2040-12-05 06:30:00,UNASSIGNED,TERMINAL_NOT_CONFIGURED
2040-12-05 07:00:00,MI424,46,Wide,3,T2,MI,T5CW003R,2040-12-05 04:00:00,2040-12-05 06:30:00,UNASSIGNED,TERMINAL_NOT_CONFIGURED
2040-12-05 07:00:00,MI962,515,Wide,3,T2,MI,T5CW007L,2040-12-05 04:00:00,2040-12-05 06:30:00,UNASSIGNED,TERMINAL_NOT_CONFIGURED
2040-12-05 07:00:00,TR98,237,Wide,3,T1,TR,T5CE001,2040-12-05 04:00:00,2040-12-05 06:30:00,UNASSIGNED,TERMINAL_NOT_CONFIGURED
2040-12-05 07:10:00,TR3605,510,Wide,3,T1,TR,T5CE011R,2040-12-05 04:10:00,2040-12-05 06:40:00,UNASSIGNED,TERMINAL_NOT_CONFIGURED
2040-12-05 07:10:00,MI322,204,Wide,3,T2,MI,T5CW001L,2040-12-05 04:10:00,2040-12-05 06:40:00,UNASSIGNED,TERMINAL_NOT_CONFIGURED
2040-12-05 07:10:00,MI2499,302,Wide,3,T2,MI,T5CW007R,2040-12-05 04:10:00,2040-12-05 06:40:00,UNASSIGNED,TERMINAL_NOT_CONFIGURED
2040-12-05 07:15:00,TZ3609,51,Narrow,7,T1,TZ,T5CE003,2040-12-05 04:15:00,2040-12-05 06:45:00,UNASSIGNED,TERMINAL_NOT_CONFIGURED
2040-12-05 07:20:00,MI64,196,Wide,3,T2,MI,T5CW011R,2040-12-05 04:20:00,2040-12-05 06:50:00,UNASSIGNED,TERMINAL_NOT_CONFIGURED
2040-12-05 07:20:00,TR3625,58,Wide,3,T1,TR,T5CE007R,2040-12-05 04:20:00,2040-12-05 06:50:00,UNASSIGNED,TERMINAL_NOT_CONFIGURED
2040-12-05 07:25:00,MI20,228,Wide,3,T1,MI,T5CE011L,2040-12-05 04:25:00,2040-12-05 06:55:00,UNASSIGNED,TERMINAL_NOT_CONFIGURED
2040-12-05 07:25:00,MI22,225,Wide,3,T2,MI,T5CW001R,2040-12-05 04:25:00,2040-12-05 06:55:00,UNASSIGNED,TERMINAL_NOT_CONFIGURED
2040-12-05 07:30:00,MI436,374,Wide,3,T1,MI,T5CE008L,2040-12-05 04:30:00,2040-12-05 07:00:00,UNASSIGNED,TERMINAL_NOT_CONFIGURED
2040-12-05 07:30:00,TR5003,131,Wide,3,T1,TR,T5CE006,2040-12-05 04:30:00,2040-12-05 07:00:00,UNASSIGNED,TERMINAL_NOT_CONFIGURED
2040-12-05 07:35:00,TR3667,129,Wide,3,T2,TR,T5CW008L,2040-12-05 04:35:00,2040-12-05 07:05:00,UNASSIGNED,TERMINAL_NOT_CONFIGURED
2040-12-05 07:40:00,MI234,372,Wide,3,T2,MI,T5CW003L,2040-12-05 04:40:00,2040-12-05 07:10:00,UNASSIGNED,TERMINAL_NOT_CONFIGURED
2040-12-05 07:45:00,MI602,229,Wide,3,T2,MI,T5CW008R,2040-12-05 04:45:00,2040-12-05 07:15:00,UNASSIGNED,TERMINAL_NOT_CONFIGURED
2040-12-05 07:50:00,TR3627,281,Wide,3,T1,TR,T5CE008R,2040-12-05 04:50:00,2040-12-05 07:20:00,UNASSIGNED,TERMINAL_NOT_CONFIGURED
2040-12-05 07:55:00,TR3601,423,Wide,3,T2,TR,T5CW002L,2040-12-05 04:55:00,2040-12-05 07:25:00,UNASSIGNED,TERMINAL_NOT_CONFIGURED
2040-12-05 08:00:00,TZ3621,116,Narrow,7,T2,TZ,T5CW009,2040-12-05 05:00:00,2040-12-05 07:30:00,UNASSIGNED,TERMINAL_NOT_CONFIGURED
2040-12-05 08:00:00,TR2152,153,Wide,3,T1,TR,T5CE009R,2040-12-05 05:00:00,2040-12-05 07:30:00,UNASSIGNED,TERMINAL_NOT_CONFIGURED
2040-12-05 08:00:00,MI922,548,Wide,3,T1,MI,R5CE501L,2040-12-05 05:00:00,2040-12-05 07:30:00,UNASSIGNED,TERMINAL_NOT_CONFIGURED
2040-12-05 08:05:00,TR1996,69,Wide,3,T2,TR,T5CW002R,2040-12-05 05:05:00,2040-12-05 07:35:00,UNASSIGNED,TERMINAL_NOT_CONFIGURED
2040-12-05 08:10:00,TZ3604,206,Narrow,7,T1,TZ,T5CE004,2040-12-05 05:10:00,2040-12-05 07:40:00,UNASSIGNED,TERMINAL_NOT_CONFIGURED
2040-12-05 08:10:00,TR2274,135,Wide,3,T1,TR,T5CE009L,2040-12-05 05:10:00,2040-12-05 07:40:00,UNASSIGNED,TERMINAL_NOT_CONFIGURED
2040-12-05 08:15:00,TR1994,100,Wide,3,T2,TR,R5CW501,2040-12-05 05:15:00,2040-12-05 07:45:00,UNASSIGNED,TERMINAL_NOT_CONFIGURED
2040-12-05 08:20:00,MI3640,163,Wide,3,T2,MI,T5CW006R,2040-12-05 05:20:00,2040-12-05 07:50:00,UNASSIGNED,TERMINAL_NOT_CONFIGURED
2040-12-05 08:20:00,TR2782,137,Wide,3,T1,TR,R5CE503L,2040-12-05 05:20:00,2040-12-05 07:50:00,UNASSIGNED,TERMINAL_NOT_CONFIGURED
2040-12-05 08:20:00,MI2493,257,Wide,3,T2,MI,T5CW010L,2040-12-05 05:20:00,2040-12-05 07:50:00,UNASSIGNED,TERMINAL_NOT_CONFIGURED
2040-12-05 08:25:00,TR2106,101,Wide,3,T2,TR,R5DW701L,2040-12-05 05:25:00,2040-12-05 07:55:00,UNASSIGNED,TERMINAL_NOT_CONFIGURED
2040-12-05 08:30:00,MI3624,659,Wide,3,T2,MI,T5CW010R,2040-12-05 05:30:00,2040-12-05 08:00:00,UNASSIGNED,TERMINAL_NOT_CONFIGURED
2040-12-05 08:30:00,MI802,162,Wide,3,T2,MI,R5CW502L,2040-12-05 05:30:00,2040-12-05 08:00:00,UNASSIGNED,TERMINAL_NOT_CONFIGURED
2040-12-05 08:30:00,MI1979,85,Wide,3,T2,MI,T5CW006L,2040-12-05 05:30:00,2040-12-05 08:00:00,UNASSIGNED,TERMINAL_NOT_CONFIGURED
2040-12-05 08:30:00,TR94,70,Wide,3,T1,TR,R5CE604R,2040-12-05 05:30:00,2040-12-05 08:00:00,UNASSIGNED,TERMINAL_NOT_CONFIGURED
2040-12-05 08:30:00,TR3611,254,Wide,3,T1,TR,R5DE703R,2040-12-05 05:30:00,2040-12-05 08:00:00,UNASSIGNED,TERMINAL_NOT_CONFIGURED
2040-12-05 08:30:00,MI162,521,Wide,3,T1,MI,R5CE503R,2040-12-05 05:30:00,2040-12-05 08:00:00,UNASSIGNED,TERMINAL_NOT_CONFIGURED
2040-12-05 08:35:00,TR2662,232,Wide,3,T2,TR,R5DW703L,2040-12-05 05:35:00,2040-12-05 08:05:00,UNASSIGNED,TERMINAL_NOT_CONFIGURED
2040-12-05 08:50:00,TZ5513,90,Narrow,7,T2,TZ,T5CW004,2040-12-05 05:50:00,2040-12-05 08:20:00,UNASSIGNED,TERMINAL_NOT_CONFIGURED
2040-12-05 08:55:00,TR2994,323,Wide,3,T2,TR,T5CW007R,2040-12-05 05:55:00,2040-12-05 08:25:00,UNASSIGNED,TERMINAL_NOT_CONFIGURED
2040-12-05 09:00:00,TR2428,133,Wide,3,T2,TR,R5CW603L,2040-12-05 06:00:00,2040-12-05 08:30:00,UNASSIGNED,TERMINAL_NOT_CONFIGURED
2040-12-05 09:00:00,TR92,224,Wide,3,T1,TR,T5CE008L,2040-12-05 06:00:00,2040-12-05 08:30:00,UNASSIGNED,TERMINAL_NOT_CONFIGURED
2040-12-05 09:00:00,MI588,298,Wide,3,T1,MI,R5CE501R,2040-12-05 06:00:00,2040-12-05 08:30:00,UNASSIGNED,TERMINAL_NOT_CONFIGURED
2040-12-05 09:05:00,MI3633,126,Wide,3,T2,MI,R5CW502R,2040-12-05 06:05:00,2040-12-05 08:35:00,UNASSIGNED,TERMINAL_NOT_CONFIGURED
2040-12-05 09:10:00,MI412,277,Wide,3,T1,MI,T5CE007L,2040-12-05 06:10:00,2040-12-05 08:40:00,UNASSIGNED,TERMINAL_NOT_CONFIGURED
2040-12-05 09:25:00,MI296,191,Wide,3,T2,MI,T5CW003R,2040-12-05 06:25:00,2040-12-05 08:55:00,UNASSIGNED,TERMINAL_NOT_CONFIGURED
2040-12-05 09:30:00,TR1988,355,Wide,3,T2,TR,T5CW011R,2040-12-05 06:30:00,2040-12-05 09:00:00,UNASSIGNED,TERMINAL_NOT_CONFIGURED
2040-12-05 09:35:00,TR2502,118,Wide,3,T2,TR,T5CW011L,2040-12-05 06:35:00,2040-12-05 09:05:00,UNASSIGNED,TERMINAL_NOT_CONFIGURED
2040-12-05 09:35:00,TR3603,117,Wide,3,T2,TR,T5CW001L,2040-12-05 06:35:00,2040-12-05 09:05:00,UNASSIGNED,TERMINAL_NOT_CONFIGURED
2040-12-05 09:45:00,TR2454,331,Wide,3,T2,TR,T5CW007L,2040-12-05 06:45:00,2040-12-05 09:15:00,UNASSIGNED,TERMINAL_NOT_CONFIGURED
2040-12-05 10:00:00,TR2308,188,Wide,3,T2,TR,T5CW003L,2040-12-05 07:00:00,2040-12-05 09:30:00,UNASSIGNED,TERMINAL_NOT_CONFIGURED
2040-12-05 10:00:00,TR2916,543,Wide,3,T1,TR,T5CE011L,2040-12-05 07:00:00,2040-12-05 09:30:00,UNASSIGNED,TERMINAL_NOT_CONFIGURED
2040-12-05 10:05:00,TR2182,149,Wide,3,T1,TR,T5CE002L,2040-12-05 07:05:00,2040-12-05 09:35:00,UNASSIGNED,TERMINAL_NOT_CONFIGURED
2040-12-05 10:10:00,TZ5501,134,Narrow,7,T2,TZ,T5CW009,2040-12-05 07:10:00,2040-12-05 09:40:00,UNASSIGNED,TERMINAL_NOT_CONFIGURED
2040-12-05 10:10:00,TZ5503,121,Narrow,7,T1,TZ,T5CE005,2040-12-05 07:10:00,2040-12-05 09:40:00,UNASSIGNED,TERMINAL_NOT_CONFIGURED
2040-12-05 10:15:00,TR2278,170,Wide,3,T1,TR,T5CE008R,2040-12-05 07:15:00,2040-12-05 09:45:00,UNASSIGNED,TERMINAL_NOT_CONFIGURED
2040-12-05 10:20:00,TR2154,152,Wide,3,T1,TR,T5CE011R,2040-12-05 07:20:00,2040-12-05 09:50:00,UNASSIGNED,TERMINAL_NOT_CONFIGURED
2040-12-05 10:25:00,TR3659,150,Wide,3,T2,TR,T5CW001R,2040-12-05 07:25:00,2040-12-05 09:55:00,UNASSIGNED,TERMINAL_NOT_CONFIGURED
2040-12-05 10:25:00,TZ82,306,Narrow,7,T1,TZ,T5CE006,2040-12-05 07:25:00,2040-12-05 09:55:00,UNASSIGNED,TERMINAL_NOT_CONFIGURED
2040-12-05 10:30:00,TR1984,216,Wide,3,T1,TR,T5CE009L,2040-12-05 07:30:00,2040-12-05 10:00:00,UNASSIGNED,TERMINAL_NOT_CONFIGURED
2040-12-05 10:45:00,TZ3602,139,Narrow,7,T1,TZ,T5CE003,2040-12-05 07:45:00,2040-12-05 10:15:00,UNASSIGNED,TERMINAL_NOT_CONFIGURED
2040-12-05 11:00:00,TR2742,217,Wide,3,T1,TR,T5CE009R,2040-12-05 08:00:00,2040-12-05 10:30:00,UNASSIGNED,TERMINAL_NOT_CONFIGURED
2040-12-05 11:00:00,TZ226,161,Narrow,7,T2,TZ,T5CW005,2040-12-05 08:00:00,2040-12-05 10:30:00,UNASSIGNED,TERMINAL_NOT_CONFIGURED
2040-12-05 11:00:00,TR2640,151,Wide,3,T2,TR,T5CW008L,2040-12-05 08:00:00,2040-12-05 10:30:00,UNASSIGNED,TERMINAL_NOT_CONFIGURED
2040-12-05 11:25:00,TZ5511,141,Narrow,7,T1,TZ,T5CE001,2040-12-05 08:25:00,2040-12-05 10:55:00,UNASSIGNED,TERMINAL_NOT_CONFIGURED
2040-12-05 11:55:00,TR2176,415,Wide,3,T2,TR,T5CW003L,2040-12-05 08:55:00,2040-12-05 11:25:00,UNASSIGNED,TERMINAL_NOT_CONFIGURED
2040-12-05 12:00:00,TR84,172,Wide,3,T2,TR,T5CW011R,2040-12-05 09:00:00,2040-12-05 11:30:00,UNASSIGNED,TERMINAL_NOT_CONFIGURED
2040-12-05 12:00:00,TR3631,253,Wide,3,T2,TR,T5CW006R,2040-12-05 09:00:00,2040-12-05 11:30:00,UNASSIGNED,TERMINAL_NOT_CONFIGURED
2040-12-05 12:00:00,TR2996,283,Wide,3,T2,TR,T5CW011L,2040-12-05 09:00:00,2040-12-05 11:30:00,UNASSIGNED,TERMINAL_NOT_CONFIGURED
2040-12-05 12:15:00,TZ206,165,Narrow,7,T2,TZ,T5CW009,2040-12-05 09:15:00,2040-12-05 11:45:00,UNASSIGNED,TERMINAL_NOT_CONFIGURED
2040-12-05 12:15:00,TZ5525,243,Narrow,7,T1,TZ,T5CE010,2040-12-05 09:15:00,2040-12-05 11:45:00,UNASSIGNED,TERMINAL_NOT_CONFIGURED
2040-12-05 12:30:00,TZ8,199,Narrow,7,T1,TZ,T5CE004,2040-12-05 09:30:00,2040-12-05 12:00:00,UNASSIGNED,TERMINAL_NOT_CONFIGURED
2040-12-05 12:35:00,TR2104,248,Wide,3,T2,TR,T5CW007R,2040-12-05 09:35:00,2040-12-05 12:05:00,UNASSIGNED,TERMINAL_NOT_CONFIGURED
2040-12-05 12:50:00,TR3615,189,Wide,3,T1,TR,T5CE005R,2040-12-05 09:50:00,2040-12-05 12:20:00,UNASSIGNED,TERMINAL_NOT_CONFIGURED
2040-12-05 12:50:00,TR3647,207,Wide,3,T2,TR,T5CW007L,2040-12-05 09:50:00,2040-12-05 12:20:00,UNASSIGNED,TERMINAL_NOT_CONFIGURED
2040-12-05 12:55:00,TR2904,661,Wide,3,T1,TR,T5CE008L,2040-12-05 09:55:00,2040-12-05 12:25:00,UNASSIGNED,TERMINAL_NOT_CONFIGURED
2040-12-05 13:00:00,TR8,255,Wide,3,T1,TR,T5CE005L,2040-12-05 10:00:00,2040-12-05 12:30:00,UNASSIGNED,TERMINAL_NOT_CONFIGURED
2040-12-05 13:00:00,TR2324,212,Wide,3,T2,TR,T5CW003L,2040-12-05 10:00:00,2040-12-05 12:30:00,UNASSIGNED,TERMINAL_NOT_CONFIGURED
2040-12-05 13:20:00,TR3629,226,Wide,3,T2,TR,T5CW001L,2040-12-05 10:20:00,2040-12-05 12:50:00,UNASSIGNED,TERMINAL_NOT_CONFIGURED
2040-12-05 13:20:00,TR2132,519,Wide,3,T2,TR,T5CW011L,2040-12-05 10:20:00,2040-12-05 12:50:00,UNASSIGNED,TERMINAL_NOT_CONFIGURED
2040-12-05 13:35:00,TR3669,336,Wide,3,T2,TR,T5CW003R,2040-12-05 10:35:00,2040-12-05 13:05:00,UNASSIGNED,TERMINAL_NOT_CONFIGURED
2040-12-05 14:00:00,TZ5515,218,Narrow,7,T1,TZ,T5CE003,2040-12-05 11:00:00,2040-12-05 13:30:00,UNASSIGNED,TERMINAL_NOT_CONFIGURED
2040-12-05 14:00:00,TR2066,213,Wide,3,T1,TR,T5CE008L,2040-12-05 11:00:00,2040-12-05 13:30:00,UNASSIGNED,TERMINAL_NOT_CONFIGURED
2040-12-05 14:00:00,TZ3607,200,Narrow,7,T2,TZ,T5CW009,2040-12-05 11:00:00,2040-12-05 13:30:00,UNASSIGNED,TERMINAL_NOT_CONFIGURED
2040-12-05 14:00:00,TR2702,343,Wide,3,T2,TR,T5CW003L,2040-12-05 11:00:00,2040-12-05 13:30:00,UNASSIGNED,TERMINAL_NOT_CONFIGURED
2040-12-05 14:30:00,TR2424,238,Wide,3,T2,TR,T5CW007R,2040-12-05 11:30:00,2040-12-05 14:00:00,UNASSIGNED,TERMINAL_NOT_CONFIGURED
2040-12-05 14:30:00,TR80,247,Wide,3,T1,TR,T5CE005R,2040-12-05 11:30:00,2040-12-05 14:00:00,UNASSIGNED,TERMINAL_NOT_CONFIGURED
2040-12-05 14:40:00,TR2458,227,Wide,3,T2,TR,T5CW007L,2040-12-05 11:40:00,2040-12-05 14:10:00,UNASSIGNED,TERMINAL_NOT_CONFIGURED
2040-12-05 15:20:00,TR2288,256,Wide,3,T2,TR,T5CW001L,2040-12-05 12:20:00,2040-12-05 14:50:00,UNASSIGNED,TERMINAL_NOT_CONFIGURED
2040-12-05 15:20:00,TR2482,594,Wide,3,T1,TR,T5CE008L,2040-12-05 12:20:00,2040-12-05 14:50:00,UNASSIGNED,TERMINAL_NOT_CONFIGURED
2040-12-05 15:30:00,TR2328,276,Wide,3,T2,TR,T5CW011L,2040-12-05 12:30:00,2040-12-05 15:00:00,UNASSIGNED,TERMINAL_NOT_CONFIGURED
2040-12-05 15:30:00,TR2112,246,Wide,3,T2,TR,T5CW007R,2040-12-05 12:30:00,2040-12-05 15:00:00,UNASSIGNED,TERMINAL_NOT_CONFIGURED
2040-12-05 15:55:00,TR2476,386,Wide,3,T2,TR,T5CW003R,2040-12-05 12:55:00,2040-12-05 15:25:00,UNASSIGNED,TERMINAL_NOT_CONFIGURED
2040-12-05 16:00:00,TR1978,311,Wide,3,T1,TR,T5CE009L,2040-12-05 13:00:00,2040-12-05 15:30:00,UNASSIGNED,TERMINAL_NOT_CONFIGURED
2040-12-05 16:05:00,TZ5509,272,Narrow,7,T2,TZ,T5CW009,2040-12-05 13:05:00,2040-12-05 15:35:00,UNASSIGNED,TERMINAL_NOT_CONFIGURED
2040-12-05 16:15:00,TR1976,324,Wide,3,T1,TR,T5CE005R,2040-12-05 13:15:00,2040-12-05 15:45:00,UNASSIGNED,TERMINAL_NOT_CONFIGURED
2040-12-05 16:20:00,TR3607,327,Wide,3,T2,TR,T5CW007L,2040-12-05 13:20:00,2040-12-05 15:50:00,UNASSIGNED,TERMINAL_NOT_CONFIGURED
2040-12-05 16:35:00,TR2464,290,Wide,3,T1,TR,T5CE008L,2040-12-05 13:35:00,2040-12-05 16:05:00,UNASSIGNED,TERMINAL_NOT_CONFIGURED
2040-12-05 16:45:00,TZ5517,332,Narrow,7,T1,TZ,T5CE001,2040-12-05 13:45:00,2040-12-05 16:15:00,UNASSIGNED,TERMINAL_NOT_CONFIGURED
2040-12-05 17:00:00,TR3653,317,Wide,3,T2,TR,T5CW003L,2040-12-05 14:00:00,2040-12-05 16:30:00,UNASSIGNED,TERMINAL_NOT_CONFIGURED
2040-12-05 17:00:00,TR2068,284,Wide,3,T2,TR,T5CW007R,2040-12-05 14:00:00,2040-12-05 16:30:00,UNASSIGNED,TERMINAL_NOT_CONFIGURED
2040-12-05 17:10:00,TZ108,303,Narrow,7,T1,TZ,T5CE003,2040-12-05 14:10:00,2040-12-05 16:40:00,UNASSIGNED,TERMINAL_NOT_CONFIGURED
2040-12-05 17:30:00,TR2656,291,Wide,3,T2,TR,T5CW007L,2040-12-05 14:30:00,2040-12-05 17:00:00,UNASSIGNED,TERMINAL_NOT_CONFIGURED
2040-12-05 17:35:00,TZ302,330,Narrow,7,T2,TZ,T5CW005,2040-12-05 14:35:00,2040-12-05 17:05:00,UNASSIGNED,TERMINAL_NOT_CONFIGURED
2040-12-05 17:35:00,TR3637,591,Wide,3,T1,TR,T5CE008L,2040-12-05 14:35:00,2040-12-05 17:05:00,UNASSIGNED,TERMINAL_NOT_CONFIGURED
2040-12-05 17:35:00,TZ336,337,Narrow,7,T1,TZ,T5CE004,2040-12-05 14:35:00,2040-12-05 17:05:00,UNASSIGNED,TERMINAL_NOT_CONFIGURED
2040-12-05 17:40:00,TR3666,461,Wide,3,T2,TR,T5CW011L,2040-12-05 14:40:00,2040-12-05 17:10:00,UNASSIGNED,TERMINAL_NOT_CONFIGURED
2040-12-05 17:50:00,TR2726,371,Wide,3,T2,TR,T5CW003R,2040-12-05 14:50:00,2040-12-05 17:20:00,UNASSIGNED,TERMINAL_NOT_CONFIGURED
2040-12-05 18:00:00,TR2108,335,Wide,3,T2,TR,T5CW011R,2040-12-05 15:00:00,2040-12-05 17:30:00,UNASSIGNED,TERMINAL_NOT_CONFIGURED
2040-12-05 18:00:00,TR76,529,Wide,3,T2,TR,T5CW007R,2040-12-05 15:00:00,2040-12-05 17:30:00,UNASSIGNED,TERMINAL_NOT_CONFIGURED
2040-12-05 18:05:00,TR2968,444,Wide,3,T1,TR,T5CE005R,2040-12-05 15:05:00,2040-12-05 17:35:00,UNASSIGNED,TERMINAL_NOT_CONFIGURED
2040-12-05 18:10:00,TR2272,368,Wide,3,T2,TR,T5CW001L,2040-12-05 15:10:00,2040-12-05 17:40:00,UNASSIGNED,TERMINAL_NOT_CONFIGURED
2040-12-05 18:15:00,TR3639,416,Wide,3,T1,TR,T5CE005L,2040-12-05 15:15:00,2040-12-05 17:45:00,UNASSIGNED,TERMINAL_NOT_CONFIGURED
2040-12-05 18:20:00,TR2158,369,Wide,3,T1,TR,T5CE009L,2040-12-05 15:20:00,2040-12-05 17:50:00,UNASSIGNED,TERMINAL_NOT_CONFIGURED
2040-12-05 18:35:00,TR1974,344,Wide,3,T2,TR,T5CW003L,2040-12-05 15:35:00,2040-12-05 18:05:00,UNASSIGNED,TERMINAL_NOT_CONFIGURED
2040-12-05 18:50:00,TR2426,334,Wide,3,T1,TR,T5CE008L,2040-12-05 15:50:00,2040-12-05 18:20:00,UNASSIGNED,TERMINAL_NOT_CONFIGURED
2040-12-05 19:00:00,TR2952,525,Wide,3,T2,TR,T5CW011L,2040-12-05 16:00:00,2040-12-05 18:30:00,UNASSIGNED,TERMINAL_NOT_CONFIGURED
2040-12-05 19:00:00,TR78,345,Wide,3,T1,TR,T5CE010R,2040-12-05 16:00:00,2040-12-05 18:30:00,UNASSIGNED,TERMINAL_NOT_CONFIGURED
2040-12-05 19:00:00,TR70,396,Wide,3,T2,TR,T5CW007R,2040-12-05 16:00:00,2040-12-05 18:30:00,UNASSIGNED,TERMINAL_NOT_CONFIGURED
2040-12-05 19:10:00,TR2466,477,Wide,3,T2,TR,T5CW003R,2040-12-05 16:10:00,2040-12-05 18:40:00,UNASSIGNED,TERMINAL_NOT_CONFIGURED
2040-12-05 19:15:00,TR1972,349,Wide,3,T1,TR,T5CE006,2040-12-05 16:15:00,2040-12-05 18:45:00,UNASSIGNED,TERMINAL_NOT_CONFIGURED
2040-12-05 19:15:00,TR72,393,Wide,3,T2,TR,T5CW007L,2040-12-05 16:15:00,2040-12-05 18:45:00,UNASSIGNED,TERMINAL_NOT_CONFIGURED
2040-12-05 19:15:00,TR2332,394,Wide,3,T1,TR,T5CE009R,2040-12-05 16:15:00,2040-12-05 18:45:00,UNASSIGNED,TERMINAL_NOT_CONFIGURED
2040-12-05 19:20:00,TR3649,442,Wide,3,T2,TR,T5CW001L,2040-12-05 16:20:00,2040-12-05 18:50:00,UNASSIGNED,TERMINAL_NOT_CONFIGURED
2040-12-05 19:25:00,TR90,498,Wide,3,T2,TR,T5CW011R,2040-12-05 16:25:00,2040-12-05 18:55:00,UNASSIGNED,TERMINAL_NOT_CONFIGURED
2040-12-05 19:30:00,TR68,597,Wide,3,T1,TR,T5CE009L,2040-12-05 16:30:00,2040-12-05 19:00:00,UNASSIGNED,TERMINAL_NOT_CONFIGURED
2040-12-05 19:30:00,TZ3627,350,Narrow,7,T1,TZ,T5CE003,2040-12-05 16:30:00,2040-12-05 19:00:00,UNASSIGNED,TERMINAL_NOT_CONFIGURED
2040-12-05 19:30:00,TR1970,325,Wide,3,T2,TR,T5CW008L,2040-12-05 16:30:00,2040-12-05 19:00:00,UNASSIGNED,TERMINAL_NOT_CONFIGURED
2040-12-05 19:40:00,TR1998,346,Wide,3,T2,TR,T5CW003L,2040-12-05 16:40:00,2040-12-05 19:10:00,UNASSIGNED,TERMINAL_NOT_CONFIGURED
2040-12-05 19:55:00,TR3645,397,Wide,3,T1,TR,T5CE011L,2040-12-05 16:55:00,2040-12-05 19:25:00,UNASSIGNED,TERMINAL_NOT_CONFIGURED
2040-12-05 20:00:00,TZ3625,356,Narrow,7,T1,TZ,T5CE002,2040-12-05 17:00:00,2040-12-05 19:30:00,UNASSIGNED,TERMINAL_NOT_CONFIGURED
2040-12-05 20:00:00,TZ3623,365,Narrow,7,T2,TZ,T5CW004,2040-12-05 17:00:00,2040-12-05 19:30:00,UNASSIGNED,TERMINAL_NOT_CONFIGURED
2040-12-05 20:00:00,TZ504,387,Narrow,7,T2,TZ,T5CW009,2040-12-05 17:00:00,2040-12-05 19:30:00,UNASSIGNED,TERMINAL_NOT_CONFIGURED
2040-12-05 20:00:00,MI6,437,Wide,3,T1,MI,T5CE008L,2040-12-05 17:00:00,2040-12-05 19:30:00,UNASSIGNED,TERMINAL_NOT_CONFIGURED
2040-12-05 20:10:00,TZ502,366,Narrow,7,T1,TZ,T5CE001,2040-12-05 17:10:00,2040-12-05 19:40:00,UNASSIGNED,TERMINAL_NOT_CONFIGURED
2040-12-05 20:10:00,TR2638,367,Wide,3,T1,TR,T5CE011R,2040-12-05 17:10:00,2040-12-05 19:40:00,UNASSIGNED,TERMINAL_NOT_CONFIGURED
2040-12-05 20:15:00,TR3641,445,Wide,3,T2,TR,T5CW003R,2040-12-05 17:15:00,2040-12-05 19:45:00,UNASSIGNED,TERMINAL_NOT_CONFIGURED
2040-12-05 20:15:00,TZ3619,446,Narrow,7,T2,TZ,T5CW006,2040-12-05 17:15:00,2040-12-05 19:45:00,UNASSIGNED,TERMINAL_NOT_CONFIGURED
2040-12-05 20:15:00,TZ3605,395,Narrow,7,T2,TZ,T5CW010,2040-12-05 17:15:00,2040-12-05 19:45:00,UNASSIGNED,TERMINAL_NOT_CONFIGURED
2040-12-05 20:30:00,TR2468,399,Wide,3,T2,TR,T5CW001R,2040-12-05 17:30:00,2040-12-05 20:00:00,UNASSIGNED,TERMINAL_NOT_CONFIGURED
2040-12-05 20:30:00,TR3651,400,Wide,3,T1,TR,T5CE008R,2040-12-05 17:30:00,2040-12-05 20:00:00,UNASSIGNED,TERMINAL_NOT_CONFIGURED
2040-12-05 20:30:00,TR3661,361,Wide,3,T1,TR,T5CE010L,2040-12-05 17:30:00,2040-12-05 20:00:00,UNASSIGNED,TERMINAL_NOT_CONFIGURED
2040-12-05 20:30:00,TR1966,499,Wide,3,T2,TR,T5CW007R,2040-12-05 17:30:00,2040-12-05 20:00:00,UNASSIGNED,TERMINAL_NOT_CONFIGURED
2040-12-05 20:40:00,TR3663,454,Wide,3,T2,TR,T5CW003L,2040-12-05 17:40:00,2040-12-05 20:10:00,UNASSIGNED,TERMINAL_NOT_CONFIGURED
2040-12-05 20:55:00,TR3617,462,Wide,3,T2,TR,T5CW008R,2040-12-05 17:55:00,2040-12-05 20:25:00,UNASSIGNED,TERMINAL_NOT_CONFIGURED
2040-12-05 20:55:00,TR3613,455,Wide,3,T2,TR,T5CW002R,2040-12-05 17:55:00,2040-12-05 20:25:00,UNASSIGNED,TERMINAL_NOT_CONFIGURED
2040-12-05 21:00:00,TZ224,447,Narrow,7,T1,TZ,T5CE004,2040-12-05 18:00:00,2040-12-05 20:30:00,UNASSIGNED,TERMINAL_NOT_CONFIGURED
2040-12-05 21:10:00,TZ3613,527,Narrow,7,T2,TZ,T5CW005,2040-12-05 18:10:00,2040-12-05 20:40:00,UNASSIGNED,TERMINAL_NOT_CONFIGURED
2040-12-05 21:15:00,TR2664,388,Wide,3,T1,TR,T5CE008L,2040-12-05 18:15:00,2040-12-05 20:45:00,UNASSIGNED,TERMINAL_NOT_CONFIGURED
2040-12-05 21:25:00,TZ3615,535,Narrow,7,T1,TZ,T5CE003,2040-12-05 18:25:00,2040-12-05 20:55:00,UNASSIGNED,TERMINAL_NOT_CONFIGURED
2040-12-05 21:30:00,TR3655,419,Wide,3,T2,TR,T5CW001L,2040-12-05 18:30:00,2040-12-05 21:00:00,UNASSIGNED,TERMINAL_NOT_CONFIGURED
2040-12-05 21:40:00,TR2988,456,Wide,3,T2,TR,T5CW006R,2040-12-05 18:40:00,2040-12-05 21:10:00,UNASSIGNED,TERMINAL_NOT_CONFIGURED
2040-12-05 22:00:00,TZ2406,469,Narrow,7,T1,TZ,T5CE006,2040-12-05 19:00:00,2040-12-05 21:30:00,UNASSIGNED,TERMINAL_NOT_CONFIGURED
2040-12-05 22:00:00,TR3657,473,Wide,3,T2,TR,T5CW003L,2040-12-05 19:00:00,2040-12-05 21:30:00,UNASSIGNED,TERMINAL_NOT_CONFIGURED
2040-12-05 22:15:00,TR2652,586,Wide,3,T1,TR,T5CE008L,2040-12-05 19:15:00,2040-12-05 21:45:00,UNASSIGNED,TERMINAL_NOT_CONFIGURED
2040-12-05 22:25:00,TZ6,476,Narrow,7,T2,TZ,T5CW004,2040-12-05 19:25:00,2040-12-05 21:55:00,UNASSIGNED,TERMINAL_NOT_CONFIGURED
2040-12-05 22:30:00,TR2624,463,Wide,3,T2,TR,T5CW007L,2040-12-05 19:30:00,2040-12-05 22:00:00,UNASSIGNED,TERMINAL_NOT_CONFIGURED
2040-12-05 22:50:00,TR2648,500,Wide,3,T2,TR,T5CW007R,2040-12-05 19:50:00,2040-12-05 22:20:00,UNASSIGNED,TERMINAL_NOT_CONFIGURED
2040-12-05 22:55:00,TR2636,501,Wide,3,T2,TR,T5CW001L,2040-12-05 19:55:00,2040-12-05 22:25:00,UNASSIGNED,TERMINAL_NOT_CONFIGURED
2040-12-05 23:00:00,TR2668,627,Wide,3,T2,TR,T5CW006R,2040-12-05 20:00:00,2040-12-05 22:30:00,UNASSIGNED,TERMINAL_NOT_CONFIGURED
2040-12-06 00:45:00,TZ202,669,Narrow,7,T1,TZ,T5CE003,2040-12-05 21:45:00,2040-12-06 00:15:00,UNASSIGNED,TERMINAL_NOT_CONFIGURED
2040-12-06 00:55:00,TR2728,705,Wide,3,T2,TR,T5CW003L,2040-12-05 21:55:00,2040-12-06 00:25:00,UNASSIGNED,TERMINAL_NOT_CONFIGURED
2040-12-06 01:00:00,TZ22,666,Narrow,7,T1,TZ,T5CE004,2040-12-05 22:00:00,2040-12-06 00:30:00,UNASSIGNED,TERMINAL_NOT_CONFIGURED
2040-12-06 01:35:00,TZ1908,793,Narrow,7,T2,TZ,T5CW009,2040-12-05 22:35:00,2040-12-06 01:05:00,UNASSIGNED,TERMINAL_NOT_CONFIGURED
2040-12-06 01:35:00,TZ1904,729,Narrow,7,T2,TZ,T5CW005,2040-12-05 22:35:00,2040-12-06 01:05:00,UNASSIGNED,TERMINAL_NOT_CONFIGURED
2040-12-06 01:35:00,TZ88,733,Narrow,7,T1,TZ,T5CE010,2040-12-05 22:35:00,2040-12-06 01:05:00,UNASSIGNED,TERMINAL_NOT_CONFIGURED
2040-12-06 01:35:00,TZ1906,695,Narrow,7,T1,TZ,T5CE001,2040-12-05 22:35:00,2040-12-06 01:05:00,UNASSIGNED,TERMINAL_NOT_CONFIGURED
2040-12-06 01:35:00,TZ1902,670,Narrow,7,T1,TZ,T5CE006,2040-12-05 22:35:00,2040-12-06 01:05:00,UNASSIGNED,TERMINAL_NOT_CONFIGURED
2040-12-06 01:45:00,TZ2,703,Narrow,7,T2,TZ,T5CW004,2040-12-05 22:45:00,2040-12-06 01:15:00,UNASSIGNED,TERMINAL_NOT_CONFIGURED
2040-12-06 01:45:00,TZ228,667,Narrow,7,T1,TZ,T5CE005,2040-12-05 22:45:00,2040-12-06 01:15:00,UNASSIGNED,TERMINAL_NOT_CONFIGURED
2040-12-06 01:55:00,TZ220,702,Narrow,7,T2,TZ,T5CW008,2040-12-05 22:55:00,2040-12-06 01:25:00,UNASSIGNED,TERMINAL_NOT_CONFIGURED
2040-12-06 02:00:00,TZ5507,704,Narrow,7,T2,TZ,T5CW002,2040-12-05 23:00:00,2040-12-06 01:30:00,UNASSIGNED,TERMINAL_NOT_CONFIGURED
2040-12-06 03:00:00,TZ3617,716,Narrow,7,T1,TZ,T5CE004,2040-12-06 00:00:00,2040-12-06 02:30:00,UNASSIGNED,TERMINAL_NOT_CONFIGURED
2040-12-06 06:00:00,TR2986,962,Wide,3,T2,TR,T5CW008L,2040-12-06 03:00:00,2040-12-06 05:30:00,UNASSIGNED,TERMINAL_NOT_CONFIGURED
2040-12-06 06:05:00,TZ128,692,Narrow,7,T1,TZ,T5CE004,2040-12-06 03:05:00,2040-12-06 05:35:00,UNASSIGNED,TERMINAL_NOT_CONFIGURED
2040-12-06 06:05:00,TR2062,820,Wide,3,T2,TR,T5CW001L,2040-12-06 03:05:00,2040-12-06 05:35:00,UNASSIGNED,TERMINAL_NOT_CONFIGURED
2040-12-06 06:15:00,TZ288,711,Narrow,7,T1,TZ,T5CE006,2040-12-06 03:15:00,2040-12-06 05:45:00,UNASSIGNED,TERMINAL_NOT_CONFIGURED
2040-12-06 06:30:00,TR5011,1142,Wide,3,T1,TR,T5CE009R,2040-12-06 03:30:00,2040-12-06 06:00:00,UNASSIGNED,TERMINAL_NOT_CONFIGURED
2040-12-06 06:30:00,TR2102,730,Wide,3,T2,TR,T5CW002L,2040-12-06 03:30:00,2040-12-06 06:00:00,UNASSIGNED,TERMINAL_NOT_CONFIGURED
2040-12-06 06:50:00,TR5009,697,Wide,3,T2,TR,T5CW006L,2040-12-06 03:50:00,2040-12-06 06:20:00,UNASSIGNED,TERMINAL_NOT_CONFIGURED
2040-12-06 07:00:00,TR98,698,Wide,3,T1,TR,T5CE010L,2040-12-06 04:00:00,2040-12-06 06:30:00,UNASSIGNED,TERMINAL_NOT_CONFIGURED
2040-12-06 07:05:00,TR2322,708,Wide,3,T1,TR,T5CE008R,2040-12-06 04:05:00,2040-12-06 06:35:00,UNASSIGNED,TERMINAL_NOT_CONFIGURED
2040-12-06 07:10:00,TR3605,969,Wide,3,T1,TR,T5CE005L,2040-12-06 04:10:00,2040-12-06 06:40:00,UNASSIGNED,TERMINAL_NOT_CONFIGURED
2040-12-06 07:15:00,TZ3609,706,Narrow,7,T2,TZ,T5CW009,2040-12-06 04:15:00,2040-12-06 06:45:00,UNASSIGNED,TERMINAL_NOT_CONFIGURED
2040-12-06 07:20:00,TR2934,1090,Wide,3,T2,TR,T5CW003R,2040-12-06 04:20:00,2040-12-06 06:50:00,UNASSIGNED,TERMINAL_NOT_CONFIGURED
2040-12-06 07:20:00,TR2822,863,Wide,3,T1,TR,T5CE009L,2040-12-06 04:20:00,2040-12-06 06:50:00,UNASSIGNED,TERMINAL_NOT_CONFIGURED
2040-12-06 07:25:00,MI20,806,Wide,3,T1,MI,T5CE005R,2040-12-06 04:25:00,2040-12-06 06:55:00,UNASSIGNED,TERMINAL_NOT_CONFIGURED
2040-12-06 07:30:00,TR2462,794,Wide,3,T2,TR,T5CW010L,2040-12-06 04:30:00,2040-12-06 07:00:00,UNASSIGNED,TERMINAL_NOT_CONFIGURED
2040-12-06 07:30:00,MI436,984,Wide,3,T2,MI,T5CW006R,2040-12-06 04:30:00,2040-12-06 07:00:00,UNASSIGNED,TERMINAL_NOT_CONFIGURED
2040-12-06 07:30:00,TR5003,1017,Wide,3,T2,TR,T5CW001L,2040-12-06 04:30:00,2040-12-06 07:00:00,UNASSIGNED,TERMINAL_NOT_CONFIGURED
2040-12-06 07:35:00,TR3667,894,Wide,3,T1,TR,T5CE010R,2040-12-06 04:35:00,2040-12-06 07:05:00,UNASSIGNED,TERMINAL_NOT_CONFIGURED
2040-12-06 07:40:00,MI234,934,Wide,3,T2,MI,T5CW002R,2040-12-06 04:40:00,2040-12-06 07:10:00,UNASSIGNED,TERMINAL_NOT_CONFIGURED
2040-12-06 07:45:00,MI602,738,Wide,3,T2,MI,T5CW007R,2040-12-06 04:45:00,2040-12-06 07:15:00,UNASSIGNED,TERMINAL_NOT_CONFIGURED
2040-12-06 07:45:00,TR2948,816,Wide,3,T1,TR,T5CE011L,2040-12-06 04:45:00,2040-12-06 07:15:00,UNASSIGNED,TERMINAL_NOT_CONFIGURED
2040-12-06 07:50:00,TR3627,881,Wide,3,T2,TR,T5CW011R,2040-12-06 04:50:00,2040-12-06 07:20:00,UNASSIGNED,TERMINAL_NOT_CONFIGURED
2040-12-06 07:50:00,MI124,1019,Wide,3,T2,MI,T5CW003L,2040-12-06 04:50:00,2040-12-06 07:20:00,UNASSIGNED,TERMINAL_NOT_CONFIGURED
2040-12-06 07:50:00,MI68,1143,Wide,3,T1,MI,T5CE008L,2040-12-06 04:50:00,2040-12-06 07:20:00,UNASSIGNED,TERMINAL_NOT_CONFIGURED
2040-12-06 07:55:00,TR2260,781,Wide,3,T2,TR,T5CW011L,2040-12-06 04:55:00,2040-12-06 07:25:00,UNASSIGNED,TERMINAL_NOT_CONFIGURED
2040-12-06 08:00:00,TR2152,782,Wide,3,T2,TR,T5CW007L,2040-12-06 05:00:00,2040-12-06 07:30:00,UNASSIGNED,TERMINAL_NOT_CONFIGURED
2040-12-06 08:00:00,TZ3621,785,Narrow,7,T2,TZ,T5CW005,2040-12-06 05:00:00,2040-12-06 07:30:00,UNASSIGNED,TERMINAL_NOT_CONFIGURED
2040-12-06 08:00:00,MI366,1145,Wide,3,T2,MI,T5CW001R,2040-12-06 05:00:00,2040-12-06 07:30:00,UNASSIGNED,TERMINAL_NOT_CONFIGURED
2040-12-06 08:00:00,MI3629,1147,Wide,3,T1,MI,T5CE011R,2040-12-06 05:00:00,2040-12-06 07:30:00,UNASSIGNED,TERMINAL_NOT_CONFIGURED
2040-12-06 08:10:00,MI1983,951,Wide,3,T2,MI,T5CW010R,2040-12-06 05:10:00,2040-12-06 07:40:00,UNASSIGNED,TERMINAL_NOT_CONFIGURED
2040-12-06 08:10:00,TZ3604,795,Narrow,7,T1,TZ,T5CE004,2040-12-06 05:10:00,2040-12-06 07:40:00,UNASSIGNED,TERMINAL_NOT_CONFIGURED
2040-12-06 08:10:00,MI3638,960,Wide,3,T1,MI,T5CE007R,2040-12-06 05:10:00,2040-12-06 07:40:00,UNASSIGNED,TERMINAL_NOT_CONFIGURED
2040-12-06 08:20:00,MI2495,765,Wide,3,T1,MI,T5CE007L,2040-12-06 05:20:00,2040-12-06 07:50:00,UNASSIGNED,TERMINAL_NOT_CONFIGURED
2040-12-06 08:25:00,TR2106,901,Wide,3,T2,TR,R5CW502L,2040-12-06 05:25:00,2040-12-06 07:55:00,UNASSIGNED,TERMINAL_NOT_CONFIGURED
2040-12-06 08:30:00,TR3611,941,Wide,3,T2,TR,R5DW701L,2040-12-06 05:30:00,2040-12-06 08:00:00,UNASSIGNED,TERMINAL_NOT_CONFIGURED
2040-12-06 08:30:00,TR94,804,Wide,3,T2,TR,R5CW501,2040-12-06 05:30:00,2040-12-06 08:00:00,UNASSIGNED,TERMINAL_NOT_CONFIGURED
2040-12-06 08:30:00,MI702,1152,Wide,3,T1,MI,R5CE501L,2040-12-06 05:30:00,2040-12-06 08:00:00,UNASSIGNED,TERMINAL_NOT_CONFIGURED
2040-12-06 08:35:00,TR2662,844,Wide,3,T2,TR,R5CW502R,2040-12-06 05:35:00,2040-12-06 08:05:00,UNASSIGNED,TERMINAL_NOT_CONFIGURED
2040-12-06 08:50:00,TZ5513,873,Narrow,7,T1,TZ,T5CE005,2040-12-06 05:50:00,2040-12-06 08:20:00,UNASSIGNED,TERMINAL_NOT_CONFIGURED
2040-12-06 08:55:00,TR2994,830,Wide,3,T2,TR,T5CW003L,2040-12-06 05:55:00,2040-12-06 08:25:00,UNASSIGNED,TERMINAL_NOT_CONFIGURED
2040-12-06 09:00:00,TR2428,834,Wide,3,T2,TR,T5CW007R,2040-12-06 06:00:00,2040-12-06 08:30:00,UNASSIGNED,TERMINAL_NOT_CONFIGURED
2040-12-06 09:00:00,MI986,1154,Wide,3,T1,MI,T5CE009R,2040-12-06 06:00:00,2040-12-06 08:30:00,UNASSIGNED,TERMINAL_NOT_CONFIGURED
2040-12-06 09:05:00,TZ282,786,Narrow,7,T1,TZ,T5CE006,2040-12-06 06:05:00,2040-12-06 08:35:00,UNASSIGNED,TERMINAL_NOT_CONFIGURED
2040-12-06 09:15:00,TR1990,887,Wide,3,T2,TR,T5CW006L,2040-12-06 06:15:00,2040-12-06 08:45:00,UNASSIGNED,TERMINAL_NOT_CONFIGURED
2040-12-06 09:15:00,TR1992,882,Wide,3,T2,TR,T5CW002L,2040-12-06 06:15:00,2040-12-06 08:45:00,UNASSIGNED,TERMINAL_NOT_CONFIGURED
2040-12-06 09:25:00,TR3601,796,Wide,3,T2,TR,T5CW006R,2040-12-06 06:25:00,2040-12-06 08:55:00,UNASSIGNED,TERMINAL_NOT_CONFIGURED
2040-12-06 09:30:00,TR1988,787,Wide,3,T2,TR,T5CW011R,2040-12-06 06:30:00,2040-12-06 09:00:00,UNASSIGNED,TERMINAL_NOT_CONFIGURED
2040-12-06 09:35:00,TR3603,831,Wide,3,T2,TR,T5CW002R,2040-12-06 06:35:00,2040-12-06 09:05:00,UNASSIGNED,TERMINAL_NOT_CONFIGURED
2040-12-06 09:35:00,TR1986,1155,Wide,3,T2,TR,T5CW011L,2040-12-06 06:35:00,2040-12-06 09:05:00,UNASSIGNED,TERMINAL_NOT_CONFIGURED
2040-12-06 09:45:00,TR2454,890,Wide,3,T1,TR,T5CE008L,2040-12-06 06:45:00,2040-12-06 09:15:00,UNASSIGNED,TERMINAL_NOT_CONFIGURED
2040-12-06 09:50:00,TR88,805,Wide,3,T2,TR,T5CW001L,2040-12-06 06:50:00,2040-12-06 09:20:00,UNASSIGNED,TERMINAL_NOT_CONFIGURED
2040-12-06 10:00:00,TR2916,1116,Wide,3,T2,TR,T5CW003R,2040-12-06 07:00:00,2040-12-06 09:30:00,UNASSIGNED,TERMINAL_NOT_CONFIGURED
2040-12-06 10:00:00,TR2308,832,Wide,3,T1,TR,T5CE009L,2040-12-06 07:00:00,2040-12-06 09:30:00,UNASSIGNED,TERMINAL_NOT_CONFIGURED
2040-12-06 10:05:00,TR2182,797,Wide,3,T2,TR,T5CW008L,2040-12-06 07:05:00,2040-12-06 09:35:00,UNASSIGNED,TERMINAL_NOT_CONFIGURED
2040-12-06 10:10:00,TZ5501,822,Narrow,7,T2,TZ,T5CW005,2040-12-06 07:10:00,2040-12-06 09:40:00,UNASSIGNED,TERMINAL_NOT_CONFIGURED
2040-12-06 10:10:00,TZ5503,817,Narrow,7,T1,TZ,T5CE010,2040-12-06 07:10:00,2040-12-06 09:40:00,UNASSIGNED,TERMINAL_NOT_CONFIGURED
2040-12-06 10:15:00,TR2278,818,Wide,3,T1,TR,T5CE008R,2040-12-06 07:15:00,2040-12-06 09:45:00,UNASSIGNED,TERMINAL_NOT_CONFIGURED
2040-12-06 10:25:00,TZ82,884,Narrow,7,T2,TZ,T5CW004,2040-12-06 07:25:00,2040-12-06 09:55:00,UNASSIGNED,TERMINAL_NOT_CONFIGURED
2040-12-06 10:25:00,TR3659,802,Wide,3,T2,TR,T5CW007L,2040-12-06 07:25:00,2040-12-06 09:55:00,UNASSIGNED,TERMINAL_NOT_CONFIGURED
2040-12-06 10:30:00,TR1984,819,Wide,3,T1,TR,T5CE011L,2040-12-06 07:30:00,2040-12-06 10:00:00,UNASSIGNED,TERMINAL_NOT_CONFIGURED
2040-12-06 10:45:00,TZ3602,799,Narrow,7,T2,TZ,T5CW009,2040-12-06 07:45:00,2040-12-06 10:15:00,UNASSIGNED,TERMINAL_NOT_CONFIGURED
2040-12-06 11:00:00,TZ226,874,Narrow,7,T1,TZ,T5CE001,2040-12-06 08:00:00,2040-12-06 10:30:00,UNASSIGNED,TERMINAL_NOT_CONFIGURED
2040-12-06 11:00:00,TR2742,1128,Wide,3,T1,TR,T5CE011R,2040-12-06 08:00:00,2040-12-06 10:30:00,UNASSIGNED,TERMINAL_NOT_CONFIGURED
2040-12-06 11:10:00,TR86,823,Wide,3,T1,TR,T5CE007R,2040-12-06 08:10:00,2040-12-06 10:40:00,UNASSIGNED,TERMINAL_NOT_CONFIGURED
2040-12-06 11:25:00,TZ5511,780,Narrow,7,T1,TZ,T5CE003,2040-12-06 08:25:00,2040-12-06 10:55:00,UNASSIGNED,TERMINAL_NOT_CONFIGURED
2040-12-06 11:55:00,TR2176,1056,Wide,3,T1,TR,T5CE008L,2040-12-06 08:55:00,2040-12-06 11:25:00,UNASSIGNED,TERMINAL_NOT_CONFIGURED
2040-12-06 12:00:00,TR2996,972,Wide,3,T2,TR,T5CW003L,2040-12-06 09:00:00,2040-12-06 11:30:00,UNASSIGNED,TERMINAL_NOT_CONFIGURED
2040-12-06 12:00:00,TR3631,940,Wide,3,T2,TR,T5CW011L,2040-12-06 09:00:00,2040-12-06 11:30:00,UNASSIGNED,TERMINAL_NOT_CONFIGURED
2040-12-06 12:15:00,TZ5525,800,Narrow,7,T1,TZ,T5CE002,2040-12-06 09:15:00,2040-12-06 11:45:00,UNASSIGNED,TERMINAL_NOT_CONFIGURED
2040-12-06 12:30:00,TZ8,902,Narrow,7,T1,TZ,T5CE004,2040-12-06 09:30:00,2040-12-06 12:00:00,UNASSIGNED,TERMINAL_NOT_CONFIGURED
2040-12-06 12:35:00,TR2104,891,Wide,3,T2,TR,T5CW002R,2040-12-06 09:35:00,2040-12-06 12:05:00,UNASSIGNED,TERMINAL_NOT_CONFIGURED
2040-12-06 12:40:00,TR2956,824,Wide,3,T1,TR,T5CE005R,2040-12-06 09:40:00,2040-12-06 12:10:00,UNASSIGNED,TERMINAL_NOT_CONFIGURED
2040-12-06 12:50:00,TR3647,1048,Wide,3,T2,TR,T5CW007R,2040-12-06 09:50:00,2040-12-06 12:20:00,UNASSIGNED,TERMINAL_NOT_CONFIGURED
2040-12-06 12:50:00,TR3615,854,Wide,3,T1,TR,T5CE005L,2040-12-06 09:50:00,2040-12-06 12:20:00,UNASSIGNED,TERMINAL_NOT_CONFIGURED
2040-12-06 12:55:00,TR2904,845,Wide,3,T2,TR,T5CW011R,2040-12-06 09:55:00,2040-12-06 12:25:00,UNASSIGNED,TERMINAL_NOT_CONFIGURED
2040-12-06 13:00:00,TR2324,875,Wide,3,T2,TR,T5CW003L,2040-12-06 10:00:00,2040-12-06 12:30:00,UNASSIGNED,TERMINAL_NOT_CONFIGURED
2040-12-06 13:20:00,TR3629,892,Wide,3,T1,TR,T5CE008L,2040-12-06 10:20:00,2040-12-06 12:50:00,UNASSIGNED,TERMINAL_NOT_CONFIGURED
2040-12-06 13:20:00,TR2424,868,Wide,3,T2,TR,T5CW007L,2040-12-06 10:20:00,2040-12-06 12:50:00,UNASSIGNED,TERMINAL_NOT_CONFIGURED
2040-12-06 13:20:00,TR2132,1162,Wide,3,T2,TR,T5CW001L,2040-12-06 10:20:00,2040-12-06 12:50:00,UNASSIGNED,TERMINAL_NOT_CONFIGURED
2040-12-06 13:30:00,TR82,1029,Wide,3,T2,TR,T5CW003R,2040-12-06 10:30:00,2040-12-06 13:00:00,UNASSIGNED,TERMINAL_NOT_CONFIGURED
2040-12-06 13:35:00,TR3669,914,Wide,3,T2,TR,T5CW006R,2040-12-06 10:35:00,2040-12-06 13:05:00,UNASSIGNED,TERMINAL_NOT_CONFIGURED
2040-12-06 14:00:00,TR2702,950,Wide,3,T2,TR,T5CW003L,2040-12-06 11:00:00,2040-12-06 13:30:00,UNASSIGNED,TERMINAL_NOT_CONFIGURED
2040-12-06 14:00:00,TZ5515,883,Narrow,7,T2,TZ,T5CW009,2040-12-06 11:00:00,2040-12-06 13:30:00,UNASSIGNED,TERMINAL_NOT_CONFIGURED
2040-12-06 14:00:00,TR2066,916,Wide,3,T1,TR,T5CE009L,2040-12-06 11:00:00,2040-12-06 13:30:00,UNASSIGNED,TERMINAL_NOT_CONFIGURED
2040-12-06 14:00:00,TZ3607,915,Narrow,7,T1,TZ,T5CE004,2040-12-06 11:00:00,2040-12-06 13:30:00,UNASSIGNED,TERMINAL_NOT_CONFIGURED
2040-12-06 15:20:00,TR2288,1028,Wide,3,T2,TR,T5CW011L,2040-12-06 12:20:00,2040-12-06 14:50:00,UNASSIGNED,TERMINAL_NOT_CONFIGURED
2040-12-06 15:20:00,TR2482,991,Wide,3,T1,TR,T5CE008L,2040-12-06 12:20:00,2040-12-06 14:50:00,UNASSIGNED,TERMINAL_NOT_CONFIGURED
2040-12-06 15:30:00,TR2112,982,Wide,3,T2,TR,T5CW011R,2040-12-06 12:30:00,2040-12-06 15:00:00,UNASSIGNED,TERMINAL_NOT_CONFIGURED
2040-12-06 15:30:00,TR2328,939,Wide,3,T2,TR,T5CW003L,2040-12-06 12:30:00,2040-12-06 15:00:00,UNASSIGNED,TERMINAL_NOT_CONFIGURED
2040-12-06 16:00:00,TR1978,942,Wide,3,T2,TR,T5CW006R,2040-12-06 13:00:00,2040-12-06 15:30:00,UNASSIGNED,TERMINAL_NOT_CONFIGURED
2040-12-06 16:05:00,TZ5509,1009,Narrow,7,T1,TZ,T5CE004,2040-12-06 13:05:00,2040-12-06 15:35:00,UNASSIGNED,TERMINAL_NOT_CONFIGURED
2040-12-06 16:15:00,TR1976,996,Wide,3,T2,TR,T5CW002R,2040-12-06 13:15:00,2040-12-06 15:45:00,UNASSIGNED,TERMINAL_NOT_CONFIGURED
2040-12-06 16:20:00,TR3607,963,Wide,3,T1,TR,T5CE008L,2040-12-06 13:20:00,2040-12-06 15:50:00,UNASSIGNED,TERMINAL_NOT_CONFIGURED
2040-12-06 16:35:00,TR2464,992,Wide,3,T2,TR,T5CW003L,2040-12-06 13:35:00,2040-12-06 16:05:00,UNASSIGNED,TERMINAL_NOT_CONFIGURED
2040-12-06 16:45:00,TZ5517,943,Narrow,7,T1,TZ,T5CE006,2040-12-06 13:45:00,2040-12-06 16:15:00,UNASSIGNED,TERMINAL_NOT_CONFIGURED
2040-12-06 17:00:00,TR3653,997,Wide,3,T2,TR,T5CW001L,2040-12-06 14:00:00,2040-12-06 16:30:00,UNASSIGNED,TERMINAL_NOT_CONFIGURED
2040-12-06 17:10:00,TZ108,968,Narrow,7,T2,TZ,T5CW005,2040-12-06 14:10:00,2040-12-06 16:40:00,UNASSIGNED,TERMINAL_NOT_CONFIGURED
2040-12-06 17:30:00,TR2656,1001,Wide,3,T2,TR,T5CW011L,2040-12-06 14:30:00,2040-12-06 17:00:00,UNASSIGNED,TERMINAL_NOT_CONFIGURED
2040-12-06 17:35:00,TR3637,1002,Wide,3,T1,TR,T5CE002L,2040-12-06 14:35:00,2040-12-06 17:05:00,UNASSIGNED,TERMINAL_NOT_CONFIGURED
2040-12-06 17:35:00,TZ302,983,Narrow,7,T2,TZ,T5CW004,2040-12-06 14:35:00,2040-12-06 17:05:00,UNASSIGNED,TERMINAL_NOT_CONFIGURED
2040-12-06 17:40:00,TR3666,1045,Wide,3,T2,TR,T5CW011R,2040-12-06 14:40:00,2040-12-06 17:10:00,UNASSIGNED,TERMINAL_NOT_CONFIGURED
2040-12-06 17:50:00,TR2726,1003,Wide,3,T1,TR,T5CE009L,2040-12-06 14:50:00,2040-12-06 17:20:00,UNASSIGNED,TERMINAL_NOT_CONFIGURED
2040-12-06 18:00:00,TR2108,1166,Wide,3,T2,TR,T5CW002L,2040-12-06 15:00:00,2040-12-06 17:30:00,UNASSIGNED,TERMINAL_NOT_CONFIGURED
2040-12-06 18:00:00,TR76,1042,Wide,3,T1,TR,T5CE009R,2040-12-06 15:00:00,2040-12-06 17:30:00,UNASSIGNED,TERMINAL_NOT_CONFIGURED
2040-12-06 18:05:00,TR2968,1018,Wide,3,T1,TR,T5CE002R,2040-12-06 15:05:00,2040-12-06 17:35:00,UNASSIGNED,TERMINAL_NOT_CONFIGURED
2040-12-06 18:10:00,TR2272,1010,Wide,3,T2,TR,T5CW003R,2040-12-06 15:10:00,2040-12-06 17:40:00,UNASSIGNED,TERMINAL_NOT_CONFIGURED
2040-12-06 18:15:00,TR3639,1030,Wide,3,T1,TR,T5CE008L,2040-12-06 15:15:00,2040-12-06 17:45:00,UNASSIGNED,TERMINAL_NOT_CONFIGURED
2040-12-06 18:20:00,TR2158,1016,Wide,3,T1,TR,T5CE011L,2040-12-06 15:20:00,2040-12-06 17:50:00,UNASSIGNED,TERMINAL_NOT_CONFIGURED
2040-12-06 18:35:00,TR1974,977,Wide,3,T2,TR,T5CW001L,2040-12-06 15:35:00,2040-12-06 18:05:00,UNASSIGNED,TERMINAL_NOT_CONFIGURED
2040-12-06 18:50:00,TR2426,1053,Wide,3,T1,TR,T5CE009L,2040-12-06 15:50:00,2040-12-06 18:20:00,UNASSIGNED,TERMINAL_NOT_CONFIGURED
2040-12-06 19:00:00,TR78,1021,Wide,3,T1,TR,T5CE009R,2040-12-06 16:00:00,2040-12-06 18:30:00,UNASSIGNED,TERMINAL_NOT_CONFIGURED
2040-12-06 19:00:00,TR2952,1031,Wide,3,T2,TR,T5CW011R,2040-12-06 16:00:00,2040-12-06 18:30:00,UNASSIGNED,TERMINAL_NOT_CONFIGURED
2040-12-06 19:00:00,TZ2404,999,Narrow,7,T1,TZ,T5CE001,2040-12-06 16:00:00,2040-12-06 18:30:00,UNASSIGNED,TERMINAL_NOT_CONFIGURED
2040-12-06 19:15:00,TR2332,1134,Wide,3,T2,TR,T5CW002R,2040-12-06 16:15:00,2040-12-06 18:45:00,UNASSIGNED,TERMINAL_NOT_CONFIGURED
2040-12-06 19:15:00,TR72,1032,Wide,3,T2,TR,T5CW011L,2040-12-06 16:15:00,2040-12-06 18:45:00,UNASSIGNED,TERMINAL_NOT_CONFIGURED
2040-12-06 19:20:00,TR3649,1004,Wide,3,T1,TR,T5CE011L,2040-12-06 16:20:00,2040-12-06 18:50:00,UNASSIGNED,TERMINAL_NOT_CONFIGURED
2040-12-06 19:25:00,TR74,1022,Wide,3,T2,TR,T5CW003R,2040-12-06 16:25:00,2040-12-06 18:55:00,UNASSIGNED,TERMINAL_NOT_CONFIGURED
2040-12-06 19:25:00,TR90,1135,Wide,3,T2,TR,T5CW006R,2040-12-06 16:25:00,2040-12-06 18:55:00,UNASSIGNED,TERMINAL_NOT_CONFIGURED
2040-12-06 19:30:00,TR68,1169,Wide,3,T1,TR,T5CE011R,2040-12-06 16:30:00,2040-12-06 19:00:00,UNASSIGNED,TERMINAL_NOT_CONFIGURED
2040-12-06 19:30:00,TZ3627,1012,Narrow,7,T1,TZ,T5CE004,2040-12-06 16:30:00,2040-12-06 19:00:00,UNASSIGNED,TERMINAL_NOT_CONFIGURED
2040-12-06 19:40:00,TR1998,1046,Wide,3,T1,TR,T5CE008L,2040-12-06 16:40:00,2040-12-06 19:10:00,UNASSIGNED,TERMINAL_NOT_CONFIGURED
2040-12-06 19:55:00,TR3645,1081,Wide,3,T1,TR,T5CE008R,2040-12-06 16:55:00,2040-12-06 19:25:00,UNASSIGNED,TERMINAL_NOT_CONFIGURED
2040-12-06 20:00:00,TZ504,1073,Narrow,7,T1,TZ,T5CE010,2040-12-06 17:00:00,2040-12-06 19:30:00,UNASSIGNED,TERMINAL_NOT_CONFIGURED
2040-12-06 20:00:00,TZ3625,1023,Narrow,7,T1,TZ,T5CE003,2040-12-06 17:00:00,2040-12-06 19:30:00,UNASSIGNED,TERMINAL_NOT_CONFIGURED
2040-12-06 20:00:00,TZ3623,1177,Narrow,7,T2,TZ,T5CW009,2040-12-06 17:00:00,2040-12-06 19:30:00,UNASSIGNED,TERMINAL_NOT_CONFIGURED
2040-12-06 20:00:00,MI8,1070,Wide,3,T2,MI,T5CW003L,2040-12-06 17:00:00,2040-12-06 19:30:00,UNASSIGNED,TERMINAL_NOT_CONFIGURED
2040-12-06 20:10:00,TR4182,1180,Wide,3,T2,TR,T5CW001R,2040-12-06 17:10:00,2040-12-06 19:40:00,UNASSIGNED,TERMINAL_NOT_CONFIGURED
2040-12-06 20:10:00,TZ502,1054,Narrow,7,T1,TZ,T5CE006,2040-12-06 17:10:00,2040-12-06 19:40:00,UNASSIGNED,TERMINAL_NOT_CONFIGURED
2040-12-06 20:15:00,TZ3619,1055,Narrow,7,T2,TZ,T5CW010,2040-12-06 17:15:00,2040-12-06 19:45:00,UNASSIGNED,TERMINAL_NOT_CONFIGURED
2040-12-06 20:15:00,TZ3605,1037,Narrow,7,T2,TZ,T5CW007,2040-12-06 17:15:00,2040-12-06 19:45:00,UNASSIGNED,TERMINAL_NOT_CONFIGURED
2040-12-06 20:20:00,TR5005,1185,Wide,3,T2,TR,T5CW002R,2040-12-06 17:20:00,2040-12-06 19:50:00,UNASSIGNED,TERMINAL_NOT_CONFIGURED
2040-12-06 20:30:00,TR3661,1043,Wide,3,T1,TR,T5CE005R,2040-12-06 17:30:00,2040-12-06 20:00:00,UNASSIGNED,TERMINAL_NOT_CONFIGURED
2040-12-06 20:30:00,TR1966,1058,Wide,3,T2,TR,T5CW006L,2040-12-06 17:30:00,2040-12-06 20:00:00,UNASSIGNED,TERMINAL_NOT_CONFIGURED
2040-12-06 20:40:00,TR3663,1187,Wide,3,T1,TR,T5CE008L,2040-12-06 17:40:00,2040-12-06 20:10:00,UNASSIGNED,TERMINAL_NOT_CONFIGURED
2040-12-06 20:55:00,TR3613,1188,Wide,3,T2,TR,T5CW001L,2040-12-06 17:55:00,2040-12-06 20:25:00,UNASSIGNED,TERMINAL_NOT_CONFIGURED
2040-12-06 20:55:00,TR3617,1189,Wide,3,T1,TR,T5CE007R,2040-12-06 17:55:00,2040-12-06 20:25:00,UNASSIGNED,TERMINAL_NOT_CONFIGURED
2040-12-06 21:00:00,TZ224,1125,Narrow,7,T2,TZ,T5CW005,2040-12-06 18:00:00,2040-12-06 20:30:00,UNASSIGNED,TERMINAL_NOT_CONFIGURED
2040-12-06 21:10:00,TZ3613,1195,Narrow,7,T1,TZ,T5CE001,2040-12-06 18:10:00,2040-12-06 20:40:00,UNASSIGNED,TERMINAL_NOT_CONFIGURED
2040-12-06 21:15:00,TR2664,1196,Wide,3,T2,TR,T5CW003L,2040-12-06 18:15:00,2040-12-06 20:45:00,UNASSIGNED,TERMINAL_NOT_CONFIGURED
2040-12-06 21:25:00,TZ3615,1198,Narrow,7,T1,TZ,T5CE004,2040-12-06 18:25:00,2040-12-06 20:55:00,UNASSIGNED,TERMINAL_NOT_CONFIGURED
2040-12-06 21:30:00,TR3655,1099,Wide,3,T2,TR,T5CW007R,2040-12-06 18:30:00,2040-12-06 21:00:00,UNASSIGNED,TERMINAL_NOT_CONFIGURED
2040-12-06 21:40:00,TR2988,1200,Wide,3,T2,TR,T5CW008L,2040-12-06 18:40:00,2040-12-06 21:10:00,UNASSIGNED,TERMINAL_NOT_CONFIGURED
2040-12-06 22:00:00,TR3657,1117,Wide,3,T1,TR,T5CE008L,2040-12-06 19:00:00,2040-12-06 21:30:00,UNASSIGNED,TERMINAL_NOT_CONFIGURED
2040-12-06 22:15:00,TR2652,1202,Wide,3,T2,TR,T5CW006R,2040-12-06 19:15:00,2040-12-06 21:45:00,UNASSIGNED,TERMINAL_NOT_CONFIGURED
2040-12-06 22:25:00,TZ6,1136,Narrow,7,T2,TZ,T5CW004,2040-12-06 19:25:00,2040-12-06 21:55:00,UNASSIGNED,TERMINAL_NOT_CONFIGURED
2040-12-06 22:30:00,TR2624,1203,Wide,3,T2,TR,T5CW007R,2040-12-06 19:30:00,2040-12-06 22:00:00,UNASSIGNED,TERMINAL_NOT_CONFIGURED
2040-12-06 23:00:00,TR2668,1204,Wide,3,T2,TR,T5CW008L,2040-12-06 20:00:00,2040-12-06 22:30:00,UNASSIGNED,TERMINAL_NOT_CONFIGURED
